Name,LastName,PhoneNumber,Email,address,age
Norris Graham,Hilll,(132) 432-1766,tamara.mccullough@hotmail.com,"349 Luettgen Ways, Lake Monique, IN 38994-9074",77
Miss Herschel Fritsch,Schneider,418.616.3777 x6135,royce.kiehn@gmail.com,"2569 Quincy Avenue, West Dianaburgh, RI 26053-7098",46
Tonie Beer,Hane,1-567-417-3127 x8753,roderick.barton@gmail.com,"Apt. 297 81172 Klocko Causeway, Wildermanview, WV 78625-2048",24
Ms. Rashad Feest,Stoltenberg,1-075-708-6751,blair.satterfield@hotmail.com,"2999 Dominick Estates, North Zachery, SD 86282",48
Felton O'Kon,Medhurst,610-023-6732 x8367,kiley.leannon@yahoo.com,"824 Effertz Path, Leuschkeville, TN 79231",70
Elliott VonRueden,Hoppe,1-133-226-4558,valentina.hilpert@gmail.com,"Suite 290 0353 Becker Extensions, Murazikmouth, WY 73298-7204",5
Jewell Dibbert,Corkery,861-202-0862,leigh.hayes@yahoo.com,"32414 Thomas Station, Artmouth, NV 33342-9270",9
Markus Tromp,Hane,1-642-722-0487 x78648,merry.abshire@gmail.com,"339 Lebsack Alley, DuBuquebury, GA 70287-2161",1
Evan Kihn,Dach,695.924.7908,arden.champlin@hotmail.com,"532 Buckridge Inlet, Hegmannfort, ME 98293",70
Shaunna Farrell Jr.,Dare,890.132.3620 x6653,ozell.jacobi@yahoo.com,"Apt. 487 31427 Magdalene Ports, Juliusshire, UT 93837",28
Angelica Heidenreich,Cruickshank,567.348.0397 x811,gregg.fadel@hotmail.com,"Suite 422 125 Dibbert Ridges, Williefort, MT 27924-3042",70
Nevada Parisian DVM,Blick,1-737-715-8417 x4227,lourie.kirlin@gmail.com,"72312 Walker Parkway, New Ariannemouth, IA 62941",40
Alexis Terry IV,Simonis,768-901-8401 x98776,andrew.lockman@yahoo.com,"Suite 356 520 Jerde Park, Port Shaniqua, WY 88373-8798",76
Malika Lockman,Hyatt,908-569-9798 x86373,gerri.morissette@yahoo.com,"Apt. 542 893 Shannon Prairie, Lake Nanciehaven, MN 65956-0860",29
Giovanni Frami,Tromp,518-664-1330,benton.borer@gmail.com,"Apt. 374 011 Greta Pines, Gottliebmouth, WI 50047-5129",71
Margarette Anderson,Mann,600-383-9667,adelaida.parisian@gmail.com,"909 Shields Isle, South Jimmy, TN 60934",95
Mirtha Goldner,Klein,(257) 530-4456,phyliss.johnston@gmail.com,"Apt. 451 024 Fisher Walks, Lake Kayleigh, IL 57853-0095",15
Barry Crist I,Lockman,730-046-5457 x086,rocio.auer@yahoo.com,"4650 Keebler Mountain, Port Shasta, MA 76616-2429",64
Shaina Berge,Lakin,(351) 001-9344 x78896,coleman.zieme@gmail.com,"Suite 372 14025 Morissette Gateway, Lake Manberg, IN 94960-7300",98
Phylicia Legros,Stark,(414) 975-7654 x422,mariano.terry@hotmail.com,"34560 Stanford Bypass, South Lawrence, AL 07942-6969",94
Felecia Schultz,Huels,706.116.5390 x350,ian.macejkovic@hotmail.com,"Suite 525 6341 Little Landing, Darleenview, NE 66541-5563",79
Florance Hackett,Kling,1-449-778-9072 x9366,gearldine.cassin@yahoo.com,"210 Robel Islands, West Ramirostad, CO 37988",3
Lucia Runolfsdottir III,Hagenes,624.421.6135 x11807,adolfo.greenholt@gmail.com,"Apt. 081 89435 Emery Bridge, New Marlysland, AK 85590-2332",29
Annika McDermott,Fay,148-161-0194,hassan.kunze@gmail.com,"479 Ebonie Lake, Rauburgh, AL 55869",40
Emil Kuhlman,Adams,(173) 969-6194,dwayne.upton@yahoo.com,"72878 Schmidt Canyon, East Abigail, VT 44458",25
Leonila Torp,Hoppe,1-630-755-9638,carl.borer@yahoo.com,"319 Tawana Fields, North Valenciaport, DE 55036",45
Mrs. Pete Davis,Abbott,423-465-1816 x3717,sydney.greenfelder@hotmail.com,"Apt. 052 11356 Carrol Throughway, Welchton, KS 63712-4443",72
Norman Dooley,Klocko,1-754-672-3204 x14577,opal.hartmann@gmail.com,"88812 Michale Islands, Port Charlaburgh, WY 76349",96
Dario Wintheiser,Mann,220.890.0785 x91945,tim.schaden@gmail.com,"59022 Halvorson Loaf, Hayesville, NV 63341-4359",27
Wallace Kilback,Sporer,212.921.3572 x8472,deana.roberts@yahoo.com,"Suite 398 3013 Shandra Trail, North Oliva, VT 65747-4787",49
Jody Hodkiewicz,Walter,(689) 489-9061 x6269,wilburn.collier@gmail.com,"378 Jeana Cape, New Chantell, AL 14840",87
Dr. Nella West,Greenholt,756-669-2083 x3613,parker.jast@yahoo.com,"97379 Katerine Crest, Lake Aronfurt, IL 33495",76
Karren Erdman,Hauck,1-324-171-6759 x541,argentina.corkery@hotmail.com,"Suite 260 3100 Kertzmann Lodge, Krisside, TX 90205",97
Maryellen Gutmann,Ortiz,574.621.4587,bobbie.schmeler@hotmail.com,"4617 Kuvalis Lodge, South Annis, AZ 28534-1776",37
Miss Duane Witting,O'Connell,1-974-823-8310 x553,theresa.goyette@yahoo.com,"4868 Streich Radial, Alfredachester, MI 31966-0199",5
Londa Willms,Rice,565-179-9637,cary.kiehn@hotmail.com,"17734 Watsica Field, North Brant, NE 45897",77
Fredia Brekke Jr.,Boyer,320.661.4694,graig.tremblay@gmail.com,"662 Herzog Oval, North Reggiechester, NE 34556-5497",86
Dr. Yukiko Fisher,Jones,411-142-5367 x3095,bess.goldner@yahoo.com,"99312 Latoya Turnpike, Justinaberg, WA 36236-7573",37
John Botsford MD,Brakus,(530) 725-4300 x619,lavern.crooks@yahoo.com,"Suite 024 69244 Avery Cliffs, South Eastermouth, IN 59366-7072",18
Dr. Milford Erdman,Fay,006.708.5245 x409,lilla.tillman@yahoo.com,"293 Shirly Turnpike, South Maritzamouth, SD 22976-2816",65
Verona Grant,Schamberger,325-405-3934,corinna.bechtelar@gmail.com,"839 Graham Place, Barbarafort, IL 29713",41
Jeanne Hyatt IV,Kutch,(788) 776-4675 x34643,tish.ondricka@gmail.com,"Apt. 583 23153 Walsh Key, Lake Chi, AR 96145",83
Socorro Lang,McKenzie,426-017-7879 x0470,hosea.cormier@yahoo.com,"Apt. 654 02805 Borer Common, Lake Earleview, NC 52977-9421",15
Mary Jacobi,Lynch,1-820-600-6601,gregorio.price@hotmail.com,"2600 Andreas Via, Port Fernanda, IL 90748-9562",57
Chara Kling,Weissnat,(555) 226-1411,jaleesa.hessel@hotmail.com,"Suite 580 23161 Bernier Village, Lake Garrettbury, SD 23248-3503",57
Deirdre Raynor,Hayes,(509) 583-6933 x8752,magdalen.kris@yahoo.com,"1462 Theodore Knoll, South Stanleymouth, PA 67675-6663",4
Gale Goldner DVM,Kihn,666.240.9462 x790,yung.mosciski@yahoo.com,"Suite 582 48344 Hellen Fork, East Willis, IN 70291",41
Mr. Ericka Prosacco,Cormier,864.371.6265 x35836,heath.kihn@yahoo.com,"Suite 601 22423 McCullough Circle, West Rethaburgh, MD 06230",44
Tayna Luettgen,Considine,792-626-0625 x23039,jesus.collins@gmail.com,"319 Sebastian Mission, Port Aron, IN 02424",98
Herminia Swaniawski MD,McDermott,1-878-787-2576 x8648,lane.sipes@hotmail.com,"Suite 731 4151 Reilly Fork, West Martine, HI 51733-7457",43
Dr. Johnie Orn,Stokes,192.558.3878 x487,sherwood.kertzmann@hotmail.com,"465 Mueller Fort, Jamemouth, MI 93927",90
Lyman Ritchie DDS,West,743.197.6576 x898,randolph.franecki@yahoo.com,"Apt. 989 004 Bruen Orchard, Calebborough, TN 89714",32
Stacy Goyette,Anderson,1-360-977-7390 x826,salvatore.lang@yahoo.com,"Suite 334 0808 Bryant Lock, Klingbury, AK 50871",35
Roxann Labadie,Kreiger,1-722-159-3412 x44706,vaughn.jacobson@gmail.com,"Suite 459 658 Hermann Harbor, West Annemarie, ME 18505",96
Tenesha Schumm,Conroy,103-913-5841 x4331,matt.reichel@gmail.com,"478 Sharda Ports, Jaskolskiburgh, WI 79833-4656",62
Juan Feeney,Herzog,116.026.4800 x670,keven.rempel@yahoo.com,"86935 Joanie Gardens, Lake Eliana, OH 60617-8060",74
Trudie Crona,Considine,248-747-8200 x4920,chris.hills@hotmail.com,"691 Kam Point, East Otis, NY 81992-5480",78
Fernande Larkin,Fadel,453-355-3160,janina.lueilwitz@hotmail.com,"Suite 261 7216 Bernier Stream, East Courtneychester, AZ 43469",62
Sandy Lubowitz,Wyman,249-401-2574 x5587,dannie.hansen@yahoo.com,"Apt. 181 867 Marti Mission, Bauchmouth, IA 56961",27
Kerry Grimes,Mosciski,316-905-0247 x6273,latia.altenwerth@yahoo.com,"Apt. 468 426 Wilton Road, Port Armandohaven, OK 53583-5667",92
Kam Simonis,Deckow,631-631-7840,roxanne.prosacco@gmail.com,"Apt. 533 0280 Mante Shoal, New Keith, GA 24467-4372",58
Jerrell Satterfield III,Herman,593-037-8144 x68601,josephina.renner@hotmail.com,"Apt. 439 55088 Windler Brooks, East Bethel, NH 51103-9987",95
Alissa Simonis PhD,Stanton,1-229-614-4704,jerry.lang@yahoo.com,"72472 Alfred Trail, Port Sidside, IN 44656-1607",50
Miss Devon Schaefer,Renner,278.751.8935 x2442,murray.mante@yahoo.com,"Apt. 416 179 Elden Cove, Botsfordfort, NH 02943-3255",41
Tashia Olson III,Hegmann,066-201-4780 x59753,suzann.strosin@hotmail.com,"Suite 834 2227 Malik Tunnel, Gleasonshire, NY 97260",4
Bryan Hirthe,Lemke,(067) 021-6862,waltraud.brekke@yahoo.com,"4778 Maryetta Place, North Gudrun, CA 85124",30
Kandice Lynch,Krajcik,1-128-190-8898 x28024,jackie.cummings@hotmail.com,"195 Effertz Roads, McGlynnberg, MT 52617",60
Wai Heidenreich,O'Hara,652.318.1688 x618,nam.mcclure@hotmail.com,"62918 Susie Isle, Tillieberg, VA 04979",55
Margy Stehr,Grady,1-669-355-7443,anthony.pouros@gmail.com,"Suite 196 3853 Stan Shoal, Lake Adolph, AR 25783-2841",39
Miss Freeman Heaney,Stroman,1-193-412-4107,dewey.smith@gmail.com,"8948 Carley Passage, Markshire, ID 18962-4377",8
Roberto Mraz,Effertz,1-425-746-0525 x63799,sanora.nikolaus@gmail.com,"803 Kiara Points, Christianaland, NM 05853",41
Cornell McLaughlin III,Champlin,165-204-5367,stanton.dietrich@yahoo.com,"236 Nader Divide, Jackquelinemouth, CA 95320",19
Ashlee Mraz,Kuhlman,550-085-6366 x371,raleigh.kerluke@gmail.com,"7117 Jorge Light, Silvafurt, CA 97673-5501",74
Owen Huel,Huels,(963) 618-1959,alana.kuphal@hotmail.com,"46044 Hane Mission, Port Jess, AK 00720-1621",5
Miss Katharyn Wilderman,Turcotte,315.373.7692,ashli.koepp@yahoo.com,"70404 Cynthia Unions, Clarisview, VA 17687",29
Cammie Reichel,Bruen,(337) 250-6371,harrison.macgyver@yahoo.com,"Suite 443 24385 Hand Oval, Jonesport, AK 78602",10
Darell Thompson,Dickens,(149) 856-6371 x241,oscar.jacobs@gmail.com,"Suite 165 376 Mose Alley, New Johnathanport, NM 84745",54
Buford Connelly,Olson,695.001.4106 x688,eliseo.cruickshank@yahoo.com,"Suite 354 7247 Rowe Unions, Harrietborough, NJ 88718-4113",26
Lonny Berge,Schroeder,(970) 861-9795,marquis.gottlieb@hotmail.com,"Apt. 911 917 Kautzer Cliffs, Angelikaport, NE 19735",93
Alexander Ortiz,Cole,480.912.2847 x1423,francis.johnston@hotmail.com,"Suite 674 417 Wolf Corners, Adrianburgh, MD 29374",29
Alphonso Thompson,Macejkovic,1-272-651-9522 x92327,cecil.schaden@yahoo.com,"Apt. 039 593 Connelly Isle, Marxfurt, WA 47489",7
Serena Gleichner,Smitham,235.488.0605,tiffiny.bailey@hotmail.com,"Apt. 539 327 Tyler Road, West Reneton, FL 75342-7453",76
Jerald Hermann,Brekke,498.447.1045 x9686,freeman.dooley@yahoo.com,"3987 Wiza Viaduct, Baileyburgh, MD 19382-8938",87
Angelo Rohan,Schultz,(247) 173-4124 x40076,fred.collier@yahoo.com,"251 Koch Forge, Hagenesmouth, VA 78413",12
Terrence MacGyver Sr.,Heathcote,(919) 349-3166 x13713,monty.zemlak@hotmail.com,"Apt. 246 304 Osinski Mews, Zeldastad, SD 26911",77
Shanika Price,Strosin,1-156-246-1344,buford.blanda@hotmail.com,"237 Neil Village, North Eunice, DE 78954-2277",67
Bernie Harber,Ullrich,832-813-9518,gino.rath@hotmail.com,"82674 Rosenbaum Point, Gislasonchester, WV 37954-6619",35
Dodie Howe,Hoppe,1-389-494-8249 x16722,ronnie.walter@yahoo.com,"Suite 127 254 Leslie Throughway, Melinaview, KY 30861-6640",53
Lester Mraz I,Sawayn,(494) 722-8746,rubye.ernser@yahoo.com,"Suite 948 67752 Lang Stream, Boscoside, ND 99849-4109",75
James Fay,Satterfield,1-767-936-1258,earnest.green@yahoo.com,"Suite 276 33450 Marcus Extension, Janettburgh, LA 81176",18
Bradford Gottlieb,Purdy,169-074-6622 x6728,clara.bashirian@gmail.com,"Apt. 337 5266 Hyatt Fords, New Maurita, MN 31566",86
Elmer Carroll,Durgan,536-485-7240 x350,robert.murphy@hotmail.com,"8271 Schmeler Lake, North Karinshire, CA 69039-0798",0
Rashad Barrows,Adams,719.693.2268 x7232,candida.schoen@hotmail.com,"Suite 516 3928 Julio Knoll, Darellstad, WA 88117-0771",40
Jeromy Champlin,Zulauf,482.281.4393 x77779,columbus.morar@hotmail.com,"Suite 694 0444 Della Manors, Brantberg, MD 42194",52
Manda Cruickshank,Homenick,1-476-038-9809 x08116,waylon.kreiger@gmail.com,"Apt. 181 9689 Justin River, Garretbury, ND 04025-5664",94
Yadira Kertzmann,Krajcik,953.021.4444,paula.stroman@gmail.com,"Apt. 079 3412 Emma Park, Port Tommy, VT 51007-0196",9
Mrs. Luci Gorczany,Bednar,567-077-1744 x240,jacqulyn.kuhic@hotmail.com,"Apt. 610 09187 Rosetta Divide, Torptown, VT 85765",82
August Hayes,Schmeler,(516) 243-2980,greg.buckridge@gmail.com,"6074 Bednar Ports, North Tianachester, NY 01449-9298",98
Yuk Wolff,Gutkowski,1-537-505-3257,emery.littel@hotmail.com,"9573 Karl Club, South Pearlie, CO 33490",63
Grisel Padberg III,Gusikowski,1-455-398-9063,mary.hermann@yahoo.com,"3078 Abel Stravenue, East Ira, OH 18192-4111",72
