Name,LastName,PhoneNumber,email,address,age
Thad Altenwerth,Littel,698-895-3055 x841,janie.mckenzie@hotmail.com,"8290 Durgan Brooks, North Cliff, NE 88840-5158",62
Alfonso Ritchie IV,Kub,697-210-2005,dana.kihn@yahoo.com,"Apt. 308 98004 Wiza Junction, Morissettefort, MI 41830",17
Fredrick Daniel,Nolan,169.020.5877 x7179,brendon.hermiston@gmail.com,"48613 Lorenzo Stream, Port Joseph, NE 93183-7232",63
Bobbie Glover,Bins,001-370-3081,pete.mccullough@hotmail.com,"Suite 051 1377 Hauck Courts, East Milamouth, CO 47276",2
Ms. Delinda Franecki,Denesik,1-461-622-1960,teresita.jacobi@yahoo.com,"3566 Vilma Spur, Gibsonstad, IN 10057",57
Bradford McClure,Crooks,(782) 979-6291 x0797,tiffiny.davis@hotmail.com,"Apt. 753 2938 Monserrate Ville, North Bartonside, AZ 32729-1100",41
Jonna Corwin,Romaguera,842.500.3288 x49721,gertrudis.romaguera@gmail.com,"Suite 403 1313 Monahan Summit, Port Noraville, NY 36458",0
Ivy Bednar DVM,Emard,842.765.2948 x0510,breann.aufderhar@gmail.com,"Suite 445 04054 Shena Centers, Walshland, VA 51204",29
Rayna Johnson,Harris,930-334-9144,elvin.crona@hotmail.com,"Apt. 731 8537 Towne Squares, Mullerfort, IA 51098",16
Berta Kub,Mayert,334-790-5888,rich.hermiston@gmail.com,"1786 Quigley Hills, Port Rosamond, AR 70690",33
Bambi Volkman,Legros,(445) 233-6809,leigh.runolfsson@yahoo.com,"55520 Kilback Roads, Naderfurt, UT 76616-6705",94
Bryant Johnston,Haag,319.791.4596,lyle.pfannerstill@hotmail.com,"Suite 015 416 Mueller Locks, New Werner, WY 88633-4591",49
Sabra Bins,Ryan,697.875.7910 x7577,vincenzo.boyle@hotmail.com,"Suite 537 5451 Curt Village, Carrolltown, ME 67343",33
Dottie Thompson,Auer,022-511-9057 x11061,michel.luettgen@gmail.com,"99222 Spencer Locks, Mohrport, IA 80664-6038",25
Mr. Ellsworth Hand,Murphy,835-990-9259 x435,mireya.johnson@gmail.com,"Apt. 390 284 Yuonne Roads, West Delilaland, NM 48323",84
Luke Heller,Conroy,354-042-9728,irwin.jaskolski@hotmail.com,"Suite 587 4612 Miquel Turnpike, Obduliaville, IA 63722-7630",50
Elvin Goyette,Walter,521-780-5875,wan.gusikowski@hotmail.com,"696 Cassin Ports, Adalbertoton, MI 74879-8142",76
Charley Becker,Sanford,900-956-4215 x1658,elene.gutkowski@gmail.com,"Apt. 597 5959 Coralee Union, East Marcus, OH 48752-1511",46
Lera Schmeler,Mante,(517) 638-7335,jonah.kerluke@hotmail.com,"0695 Stanton View, North Clementemouth, KS 13567",14
Alfonso Veum,Leuschke,(253) 244-1330 x8541,madeline.rempel@gmail.com,"Apt. 532 061 Stokes Brooks, East Jacklyn, VT 32752-4130",17
Annamaria McKenzie V,Schamberger,261.388.2841,lynn.hilll@yahoo.com,"5927 Rowe Court, Hirtheside, ME 37355-0869",8
Zulma Green,Heidenreich,(582) 049-7793 x255,randy.kirlin@hotmail.com,"5695 Manual Street, Daughertyshire, NV 14822-2639",12
Lyle Renner,Gerlach,498.604.9441,stevie.bradtke@yahoo.com,"Apt. 856 2994 Scotty Prairie, South Arlen, NJ 12401-3235",59
Elliott Wunsch,Kertzmann,203-074-2936 x39742,rene.yost@yahoo.com,"956 Zemlak Orchard, West Kevinchester, NJ 94154",79
Michaele D'Amore PhD,Farrell,532.574.6785,garnett.stokes@gmail.com,"Suite 142 07062 Hackett Stream, West Kevin, AR 23277",40
Everette Lueilwitz,Bosco,(166) 688-1246 x986,bettina.stokes@yahoo.com,"29231 Carter Ridge, Port Bradley, MN 06645",34
Frances Okuneva,Emard,294.493.0207 x828,jerrell.jones@hotmail.com,"7726 Becker Crossing, North Rebbeccahaven, ME 15424-8954",22
Cassondra Turcotte,Funk,(130) 309-2425,arnulfo.rowe@hotmail.com,"75310 Kling Springs, East Earnestine, MT 50054-9435",33
Dian Kutch,Mueller,1-682-406-4187 x6111,werner.block@yahoo.com,"Suite 883 477 Friesen Flats, Parisshire, AZ 28742",83
Bryce Kovacek,Gerhold,(662) 422-2436 x57058,giovanna.hermiston@gmail.com,"Suite 591 7544 Nikolaus Forks, Nitzschefurt, WA 15251-9020",40
Andreas Welch,Rogahn,321.847.3697,jamel.oconnell@hotmail.com,"Apt. 743 89077 Adams Grove, Moisesfort, UT 09228",89
Dr. Dennis Toy,Ondricka,878-501-2202 x8559,alden.ankunding@hotmail.com,"2507 Mendy Station, Stephanview, FL 42409-8372",31
Moira Herzog,Kerluke,(025) 711-5335,coleman.reilly@hotmail.com,"67168 Rippin Drives, Abshirestad, MA 36091",1
Britt Moen DDS,Howell,(777) 713-2993 x7200,james.crona@hotmail.com,"81402 McKenzie Trace, Lake Jorgefort, CO 24605",52
Mr. Doyle Hodkiewicz,Bahringer,450.671.7400 x324,ok.lowe@gmail.com,"3211 Avery Station, Griselfort, MS 35164-9308",52
Miles Fahey Jr.,Connelly,829.197.6725 x62947,sabrina.runte@yahoo.com,"73867 Murray Grove, North Darenborough, OR 52922",24
Mr. Marvin Torphy,McClure,307-447-9930,lucila.toy@yahoo.com,"Apt. 508 54343 Maggio Turnpike, North Francie, UT 98162-5972",60
Kelli Luettgen,Bauch,1-462-820-8780 x65109,duncan.gorczany@gmail.com,"Apt. 317 079 Kenny Forges, East Claudieside, GA 18656",12
Allen Friesen,Franecki,(358) 204-2833 x36751,elbert.weber@yahoo.com,"96934 Margaretta Street, East Dortha, NC 65337",2
Ms. Bruce Considine,Bogan,1-462-403-8790 x38906,lavenia.leffler@hotmail.com,"Apt. 472 07987 Richard Loaf, Brycetown, AK 66204",38
Hildegarde Barrows,Lockman,181.511.9013 x181,sharell.okon@yahoo.com,"Suite 894 249 Willis Port, East Walker, KS 23188-5060",97
Leland Lind IV,Raynor,097-045-5929,joana.orn@hotmail.com,"3856 Gerard Skyway, North Darciton, SC 19503",69
Ernesto Parker,Schmidt,1-703-320-7744 x6208,julian.conroy@hotmail.com,"Suite 512 952 Breitenberg Gardens, North Paris, VT 75813-5885",47
Karole Kutch,Zieme,080.901.8715 x80275,cole.schiller@yahoo.com,"56028 Kutch Spur, South Albertfurt, FL 67158-6667",39
Cody Roob,Haley,(110) 533-5268 x132,hugo.fadel@yahoo.com,"Apt. 550 013 Linsey Pine, Wizamouth, CT 93767-7444",31
Von Gleichner,O'Reilly,225-812-2852 x8837,neda.jones@yahoo.com,"989 Bryce Motorway, New Shanna, TN 65405",42
Jonah Welch,Johns,(041) 937-1322 x58788,gregorio.lubowitz@yahoo.com,"626 Crona Light, East Selene, SC 51341",12
Larita Kuphal,Orn,867-016-6296 x80497,rashad.ebert@hotmail.com,"0080 Wilber River, West Cindyfort, VT 55376-8452",20
Walter White V,McGlynn,070-236-7454 x06599,mitsue.wilderman@yahoo.com,"Apt. 226 9337 Arturo Burg, Ednastad, LA 13606-3229",15
Dr. Quinn Cartwright,Hudson,(724) 354-2933 x79972,roger.hammes@yahoo.com,"726 Jones Ramp, Rueckerville, TX 55587",5
Ms. Mara Legros,Paucek,(020) 315-5469 x70376,margo.powlowski@hotmail.com,"Apt. 737 45293 Weissnat Curve, Katelynfort, WY 14488",14
Keri Hegmann,Feeney,153.105.8125,shawnda.stoltenberg@yahoo.com,"Suite 609 64089 Saran Hollow, Bashirianfurt, MO 87178",93
Mitchel Lakin,Ward,726.770.1536 x391,jasmin.turner@gmail.com,"5652 Davis Radial, Alport, NJ 53024-1674",20
Gigi Roob,Sanford,(215) 857-4609 x220,bernarda.zboncak@hotmail.com,"Apt. 028 61792 Ortiz Estates, Willychester, GA 04214",22
Sherwood Kreiger,Roob,(174) 072-3206,dwight.dibbert@gmail.com,"Apt. 599 583 Friesen Greens, Jakubowskichester, CO 88839-5774",98
Tad Muller,Casper,(510) 281-1895,melia.brekke@hotmail.com,"Apt. 014 18756 Weimann Gateway, North Sol, PA 08029",43
Miss Felton Schimmel,Muller,(142) 120-0112,caleb.oconner@hotmail.com,"287 Abshire Land, Shawandatown, MN 67940-4806",84
Ms. Shon Botsford,Russel,(180) 401-6590,inger.hettinger@gmail.com,"534 Schiller Junction, Maggiofurt, IA 38277",0
Roberto Bergnaum,Toy,691-910-6261 x319,alyson.ratke@gmail.com,"0743 Deloise Plain, Nildafort, TN 28017-0706",24
Love Kuhic,Cruickshank,1-678-666-2180 x2201,jerome.swaniawski@yahoo.com,"Apt. 178 6665 Borer Knolls, Port Byron, GA 68435",54
Ferdinand Braun,Breitenberg,(500) 073-3433,tommie.kirlin@gmail.com,"9269 Julius Manor, Carolshire, MT 11207-8706",57
Vincenzo Kirlin,Lehner,1-830-294-2200,markita.armstrong@gmail.com,"Apt. 619 62295 Mosciski Run, Lueilwitzton, MA 55028",98
Rolf Murazik I,Davis,092.649.1881 x2145,yuette.barrows@hotmail.com,"Suite 842 876 Jacinta Camp, Domitilaland, CT 14737-3106",14
Shonda Murazik,Runolfsson,339-914-9985 x6976,derick.braun@hotmail.com,"Suite 801 5214 Sung Forges, Chingchester, NV 14856",98
Issac Witting,Doyle,1-145-105-4209 x39415,malissa.considine@yahoo.com,"Apt. 543 148 Bode Junction, New Odis, OK 51341-2571",45
Irina Hessel III,Kirlin,909.138.9575,otha.reilly@gmail.com,"Suite 383 848 Wanita Turnpike, Lake Britni, OK 22553-7758",29
Nilsa Fritsch,Metz,(301) 718-6690,renita.koepp@yahoo.com,"12504 Jacobi Crossroad, New Bradlyfort, FL 74017-4064",49
Gertrudis Marks,Monahan,1-952-855-1473 x24913,rudolf.homenick@gmail.com,"Suite 676 87060 Bode Trafficway, North Erika, HI 25227-4132",25
Roger Krajcik,Green,1-961-418-3610 x765,edelmira.hermiston@hotmail.com,"058 Sammie Lakes, North Eugeniastad, ND 60534-6976",86
Han Runolfsson,Hills,1-440-596-2663,ellsworth.sanford@yahoo.com,"5269 Willms Fort, Morartown, IA 04591",8
Alphonse Lind,Anderson,(219) 252-9874,lucio.carroll@gmail.com,"31737 Cathie Street, Grahamville, AZ 80812",72
Penney Cartwright I,Mayert,(449) 439-6412,lucien.kiehn@yahoo.com,"Apt. 052 9640 Gerhold Course, Schultzstad, AZ 12652-0919",64
Dallas Simonis,Schulist,973.963.6104,hollis.kiehn@gmail.com,"Apt. 463 2093 Guillermo Field, Zemlakville, LA 72536-6058",75
Dr. Rashad Weber,Murazik,639.844.6928 x10269,belva.sawayn@yahoo.com,"Suite 624 5812 Freida Springs, Mosciskibury, MT 01433-9767",73
Miss Edra Gleason,Kessler,(652) 233-5756 x2497,melany.wunsch@hotmail.com,"7551 Dominick Cape, North Argelia, NH 88898",42
Skye Prohaska,Kohler,(671) 580-8007 x213,denisha.murray@hotmail.com,"Suite 197 473 Fahey Ways, Lake Boydport, PA 81304-9226",76
Cristobal Smitham,Stoltenberg,567-561-6338 x6712,isaac.windler@gmail.com,"3850 Shayne Flat, Kirkland, SC 03075",84
Gerri Kessler,Simonis,584.960.3528 x681,nova.stracke@hotmail.com,"05524 Jamee Cove, North Stacy, NM 96607",25
Quinton Herzog,Hoeger,948.878.8461,assunta.ohara@gmail.com,"39012 Schuppe Dale, West Jeffry, AL 28893",48
Joel Koch,O'Keefe,1-040-135-1629,sal.dibbert@yahoo.com,"4621 Durgan Road, Hyatttown, NM 84463-6138",37
Dr. Cordell Turcotte,Schultz,(580) 180-2848,kent.larson@hotmail.com,"Suite 845 28210 Towanda Ferry, North Boris, NM 69920-9170",45
Gustavo Price,Hamill,112.425.1530,jon.medhurst@gmail.com,"4635 Dalila Trafficway, New Estrellamouth, CO 24106-9715",98
Mr. Tiera Miller,Spinka,739-680-9373 x82361,justin.marvin@yahoo.com,"Apt. 693 96337 Maggio Terrace, West Hai, MA 33543",82
Kimiko Lakin,Bayer,1-629-857-5039,chance.hessel@hotmail.com,"Suite 919 5754 Eddie Ford, Clayview, AZ 60513-8413",74
Eulah Hilpert,Schiller,735.407.1073 x8389,lowell.nikolaus@hotmail.com,"970 Waelchi Square, Mayerberg, NY 20894-7724",60
Shella Armstrong,Schulist,740-754-5435,gabriel.windler@yahoo.com,"Suite 598 2883 Bruen Prairie, Veumtown, KS 34031-1799",91
Jeromy Watsica,Hintz,(107) 989-6726,michaela.kilback@yahoo.com,"82324 Gene Parkways, Grimesberg, RI 16987-6800",70
Jeanene Grady,Wisozk,673-595-9824,gale.prosacco@hotmail.com,"Apt. 470 65594 Sheena Cliff, Port Sheltonbury, IN 66445",10
Pia Quitzon,Lebsack,1-840-852-0321 x747,hui.runte@yahoo.com,"Suite 012 09726 Mitchell Haven, South Neoma, ID 81013",97
Guillermina Lockman,Hirthe,169.594.9209 x09345,chery.gusikowski@hotmail.com,"1085 Dillon Mountain, Lake Burtview, PA 56902-4623",11
Garth Gleichner,Kris,1-602-311-7340 x26669,hershel.heidenreich@gmail.com,"57601 Lu Terrace, West Isaias, GA 41631",69
Nanette Stiedemann,Muller,1-543-743-4970 x941,alissa.orn@gmail.com,"8913 Miesha Greens, Keilaside, PA 18631-8131",96
Jaime Legros II,O'Hara,1-693-084-9400 x21540,darell.ziemann@hotmail.com,"Apt. 584 39607 Stoltenberg Corners, Lake Conradfurt, NY 48198-2849",53
Jon Lindgren,Legros,492-064-1505,trey.tillman@yahoo.com,"051 Cormier Bridge, West Patrick, NH 02111",20
Tomas Hessel,Pollich,353.669.5861 x055,chong.bechtelar@gmail.com,"Apt. 971 4874 Skiles Rue, Lake Babaramouth, WY 16811-9190",89
Hershel Lueilwitz,McCullough,569.803.9894,alberta.lang@hotmail.com,"Suite 215 70350 Zana Fall, Terryville, TX 62117",56
Dante Ebert Jr.,Wiza,426-103-4824,mario.borer@hotmail.com,"036 Brigitte Glens, Danieltown, AK 11583",9
Carma Schowalter,Kertzmann,1-035-725-6337,leonardo.armstrong@hotmail.com,"8729 Mills Mall, Kristaton, ID 94672-6743",74
Preston Turner,Brekke,877.363.7755 x789,lauran.sawayn@yahoo.com,"766 Rico Viaduct, West Yen, MN 44138",56
Noble Kihn,Torp,(388) 094-8781 x6688,camille.pacocha@hotmail.com,"Apt. 405 7971 Evelyne Lake, West Albert, OH 28063-3513",45
